{
 "objects":[
		{
		 "height":38.666666666667,
		 "id":137,
		 "name":"",
		 "rotation":0,
		 "type":"",
		 "visible":true,
		 "width":960,
		 "x":1.33333333333332,
		 "y":6942.66666666667
		}]
}