{
         "objects":[
                {
                 "height":30.666666666667,
                 "id":220,
                 "name":"",
                 "rotation":0,
                 "type":"",
                 "visible":true,
                 "width":686,
                 "x":0.666666666666657,
                 "y":6092
                }]
}